{"accuracy": [0.603960394859314, 0.7722772359848022, 0.8465346693992615, 0.9158415794372559, 0.8663366436958313, 0.9158415794372559, 0.9009901285171509, 0.896039605140686, 0.8910890817642212, 0.9009901285171509], "val_accuracy": [0.7843137383460999, 0.7843137383460999, 0.8235294222831726, 0.843137264251709, 0.9215686321258545, 0.9607843160629272, 0.9215686321258545, 0.9411764740943909, 0.9019607901573181, 0.9019607901573181]}